"jashdjs";"sd5454";"dkdcsd14";"4454";"sateeshko123@gmail.com";"2147483647";"0";"sadjjdasjhjsanjdjdjsaj";"0";;;
"John";"Doe";"john@example.com";;;;;;;;;
;;;;;;;;;;;
"fdsa";"asdf";"dfsa";"dsf";"asfd";;"dfsa";;;;;
"dasfas";"sdafasdfas";"dfsaasdfasd";"dsf";"asfdasdfasd";;"dfsa";;;;;
"dasfas";"sdafasdfas";"dfsaasdfasd";"dsf";"asfdasdfasd";;"dfsa";;;;;
"dasfas";"sdafasdfas";"dfsaasdfasd";"dsf";"asfdasdfasd";;"dfsa";;;;;
"dasfas";"543";"dfsaasdfasd";"dsf";"asfdasdfasd";;"dfsa";;;;;
"dasfas";"543";"dfsaasdfasd";"dsf";"asfdasdfasd";;"dfsa";;;;;
"dasfas";"4";"dfsaasdfasd";"dsf";"asfdasdfasd";;"dfsa";;;;;
"dasfas";"453";"dfsaasdfasd";"dsf";"asfdasdfasd";;"dfsa";;;;;
"dasfas";"4";"dfsaasdfasd";"dsf";"asfdasdfasd";;"dfsa";;;;;
"dasfas";"4534";"dfsaasdfasd";"dsf";"asfdasdfasd";;"dfsa";;;;;
"dasfas";"45343";"dfsaasdfasd";"dsf";"asfdasdfasd";;"dfsa";;;;;
"dasfas";"4555823";"dfsaasdfasd";"dsf";"asfdasdfasd";;"dfsa";;;;;
"jas";"4555823";"dfsaasdfasd";"dsf";"jas";;"dfsa";;;;;
"name1";"id1";"name2";"id2";"jaswanthdarsi@gmail.com";;"yes";;;;;
"fdsasa";"sadf";"sdaf";"fds";"sadf";"asd";"accommodation";"sdfa";;;;
"jas";;;;;;"accommodation";;;;;
;;;;;;"accommodation";;;;;
"Poojitha";"401";"Ramalakshmi";"407";"poojitha4smiley@gmail.com";"7659822333";"accommodation";"Jntuk-ucev";;;;
"REJETI SANDHYA";"13131A04E0";;;"sandhyarejeti888@gmail.com";"7702808703";"accommodation";"G.V.P College of Engineering";;;;
;;;;;;"accommodation";;;;;
"hhhh";"hhh";"h";"h";"addalaanuragh@gmail.com";"h";"acc";"h";;;;
"CH.MOHANA VAMSI KRISHNA";"14A91A04D0";;;"viratvamsi888@gmail.com";"9154427571";"acc";"ADITYA ENGINEERING COLLEGE KAKINADA";;;;
"D.Tirumalesh";"Sree Vidyanikethan Engineering College";"B.Jagruthi";;"tirumaleshtiru06@gmail.com";"8341601644";"acc";"Sree Vidyanikethan Engineering College";;;;
"B.Priyadarshini";"Sree Vidyanikethan Engineering College";"N.Sai Jithendra";;"priyadarshinib97@gmail.com";"8341601644";"acc";"Sree Vidyanikethan Engineering College";;;;
"Vasavi yadav";"14981A0223";"Niharika rao";"14981A0234";"vasaviyadav29@gmail.com";"9010864455";"acc";"Raghu engineering college";;;;
"Vasavi yadav";"14981A0223";"Niharika rao";"14981A0234";"vasaviyadav29@gmail.com";"9010864455";"acc";"Raghu engineering college";;;;
"lukalapu.snehasri";"15341A0496";"latchubhukta.kapildev";"15341a0494";"lukalapusnehasri@gmail.com";"8985401344";"acc";"gmrit";;;;
"Uppada sai siva";"14W65A0432";;;"saisivau@gmail.com";"8186955723";"acc";"Sri sivani college of engineering";;;;
"Balaji";"166Q1A0516";"Pardhu";"166Q1A0506";"balaji16q1a0516@gmail.com";"7337014402";"acc";"Kakinada institution of engineering technology-2";;;;
"M. Tanay shanker";"15B25A0431";"A. Poojesh, V.rajesh,A.mahesh";"15B25A0436,15B25A0433,15B25A0448";"shankertanay@gmail.com";"9676583753";"acc";"Kiet college";;;;
"N.s.l.yasaswini";"146R1A0420";"M.Nikhila devi";"146R1A0417";"yasaswini420@gmail.com";"8978322235";"acc";"Giet college of engineering";;;;
"Vaisavya Dasari";"146C1A0515";;;"vaisavya123@gmail.com";"8985934096";"acc";"Miracle educational society group of institutions";;;;
"sneha";"141fa04038";;;"siri.nitta24@gmail.com";"8374404999";"acc";"vignan university";;;;
"S.M.M.Rafi";"14A31A0353";;;"smmrafiiii786@gmail.com";"8499807786";"acc";"Pragati ";;;;
"Naveen naidu";"14B21A04E5";"Ravindra";;"naveennaidu2016@gmail.com";"9393399985";"acc";"Kiet ";;;;
"kandregula sowmya";"15135A0422";"gorle poornima priyanka";"15135A0417";"isowmyak@gmail.com";"9703496346";"acc";"gayatri vidya parishad college of engineering(A)";;;;
"AnithaRani Bhairi";"15PA1A0414";;;"anitharani9117@gmail.com";"9666362303";"acc";"Vishnu institute of technology";;;;
"Lakshman";"16A31B0427";;;"lakshmanbaswa@gmail.com";"7013892762";"acc";"Pragati engineering college";;;;
"S.Dharani";"14a51a04d2";"S.Aruna kumari";"14a51a04d0";"dharanisana97@gmail.com";"9640690586";"acc";"Aditya institute of technology and management";;;;
"ratnala geetanjali";"14a51a04c1";"t.varam";"15a55a0430";"geeta.ratnala1996@gmail.com";"8185019247";"acc";"aditya institute of technology and management";;;;
"Devarakonda Sindhu";"14A31A04I8";"Illaboyina Sowjanya";"15A35A0433";"sindhu.sindhu098@gmail.com";"7330814352";"acc";"Pragati engineering college students ";;;;
"Devarakonda Sindhu";"14A31A04I8";"Illaboyina Sowjanya";"15A35A0433";"sindhu.sindhu098@gmail.com";"7330814352";"acc";"Pragati engineering college students ";;;;
"Bhargavi kolla";"15481A0523";"Dommeti Radha Ramya Krishna";"15481A0555";"bhargavi.1296@gmail.com";"8121020703";"acc";"Gudlavalleru Engineering college";;;;
"REJETI SANDHYA";"13131A04E0";;;"sandhyarejeti888@gmail.com";"7702808703";"acc";"G.V.P COLLEGE OF ENGINEERING(A)";;;;
"REJETI SANDHYA";"13131A04E0";;;"sandhyarejeti888@gmail.com";"7702808703";"acc";"G.V.P COLLEGE OF ENGINEERING(A)";;;;
"GOGULA SRILAKSHMI";"14B21AO4H1";"SUNKARA SRI VALLI";"14B21AO4D7";"srilugogula9@gmail.com";"9948960419";"acc";"KIET";;;;
"Swathi";"U15EC023";;;"swathichittibomma57@gmail.com";"7358579382";"acc";"Bharath university";;;;
